scenario,units_total,revenue_total_gbp
optimistic,20989.33333333333,2521190359.923218
expected,17491.11111111111,2100991966.6026819
base,13992.888888888887,1680793573.2821455
